{"body":[{"val":"c45e5e","selector":"body"},{"val":"..\/..\/..\/images\/bg\/pattern2.png","selector":"body"},{"val":"","selector":"body #page"},{"val":"","selector":"body #page"},{"val":"","selector":"body #page"},{"val":"","selector":"body #page"},{"val":"","selector":"body #page a"},{"val":"","selector":"a:hover"}],"topbar":[{"val":"","selector":"#topbar"},{"val":"","selector":"#topbar"},{"val":"","selector":"#topbar a"},{"val":"","selector":"#topbar a:hover"}],"header-main":[{"val":"","selector":"#header"},{"val":"","selector":"#header"},{"val":"","selector":"#header a"},{"val":"","selector":"#header a:hover"}],"pav-mainnav":[{"val":"","selector":"#pav-mainnav .mainnav-wrap"},{"val":"","selector":"#pav-mainnav .mainnav-wrap a"},{"val":"","selector":"#pav-mainnav .mainnav-wrap a:hover"},{"val":"","selector":"#pav-mainnav input"},{"val":"","selector":"#pav-mainnav input"}],"footer-top":[{"val":"","selector":".footer-top"},{"val":"","selector":".footer-top"},{"val":"","selector":".footer-top a"},{"val":"","selector":".footer-top a:hover"},{"val":"","selector":".footer-top "}],"footer-center":[{"val":"","selector":".footer-center"},{"val":"","selector":".footer-center"},{"val":"","selector":".footer-center a"},{"val":"","selector":".footer-center a:hover"},{"val":"","selector":".footer-center "}],"powered":[{"val":"","selector":"#powered"},{"val":"","selector":"#powered"},{"val":"","selector":"#powered a"},{"val":"","selector":"#powered a:hover"},{"val":"","selector":"#powered"}],"product":[{"val":"","selector":".product-block .price"},{"val":"","selector":".price .price-new"},{"val":"","selector":".price .price-old"},{"val":"","selector":".price .price-tax"},{"val":"","selector":".cart input"},{"val":"","selector":".cart input"},{"val":"","selector":".wishlist a"},{"val":"","selector":".compare a"}],"modules":[{"val":"","selector":".sidebar .box .box-heading"},{"val":"","selector":".sidebar .box .box-heading span"},{"val":"","selector":".sidebar .box .box-content"},{"val":"","selector":".sidebar .box .box-content"},{"val":"","selector":".sidebar .product-block, .box.nopadding ul li"}],"highlighted-modules":[{"val":"","selector":".sidebar .box.highlighted  .box-heading"},{"val":"","selector":".sidebar .box.highlighted .box-heading span"},{"val":"","selector":".sidebar .box.highlighted .box-content"},{"val":"","selector":".sidebar .box.highlighted .box-content"},{"val":"","selector":".sidebar .product-block, .box.nopadding ul li"}]}