{"body":[{"val":"c45e5e","selector":"body"},{"val":"..\/..\/..\/images\/bg\/pattern9.png","selector":"body"},{"val":"","selector":"body"},{"val":"","selector":"body"},{"val":"","selector":"body a"},{"val":"","selector":"a:hover"}],"topbar":[{"val":"","selector":".wrapper-topbar "},{"val":"","selector":".wrapper-topbar"},{"val":"","selector":".wrapper-topbar .container-inner"},{"val":"","selector":".wrapper-topbar"},{"val":"","selector":".wrapper-topbar a,.wrapper-topbar .user-login a"},{"val":"","selector":".wrapper-topbar a:hover,.wrapper-topbar .user-login a:hover"}],"header-main":[{"val":"","selector":".wrapper-header"},{"val":"","selector":".wrapper-header"},{"val":"","selector":".wrapper-header .container-inner"},{"val":"","selector":".wrapper-header"},{"val":"","selector":".wrapper-header a"},{"val":"","selector":".wrapper-header a:hover"},{"val":"","selector":"\r\n                    .wrapper-header .wpo-search .form-control\r\n\t\t\t\t"},{"val":"","selector":"\r\n                    .wrapper-header .wpo-search .btn-search\r\n                "},{"val":"","selector":"\r\n                    .wrapper-header .wpo-search .form-control\r\n\t\t\t\t"},{"val":"","selector":"\r\n                    .wrapper-header .fa\r\n\t\t\t\t"}],"pav-mainnav":[{"val":"","selector":"\r\n                    .navbar-mega .navbar-nav > li > a\r\n\t\t\t\t"},{"val":"","selector":"\r\n                    .navbar-mega .navbar-nav > .open > a, .navbar-mega .navbar-nav > .open > a:hover, .navbar-mega .navbar-nav > .open > a:focus\r\n\t\t\t\t"},{"val":"","selector":"\r\n                    .navbar-mega .navbar-nav > .open > a, .navbar-mega .navbar-nav > .open > a:hover, .navbar-mega .navbar-nav > .open > a:focus,\r\n                    .navbar-mega .navbar-nav > .active > a, .navbar-mega .navbar-nav > .active > a:hover, .navbar-mega .navbar-nav > .active > a:focus\r\n\t\t\t\t"}],"content":[{"val":"","selector":"#wpo-mainbody"},{"val":"","selector":"#wpo-mainbody"},{"val":"","selector":"#wpo-mainbody .wpb-container "},{"val":"","selector":"#wpo-mainbody"},{"val":"","selector":"#wpo-mainbody a"},{"val":"","selector":"#wpo-mainbody a:hover"}],"footer":[{"val":"","selector":"#wpo-footer"},{"val":"","selector":"#wpo-footer"},{"val":"","selector":"#wpo-footer .container-inner, #wpo-footer .widget_mc4wp_widget "},{"val":"","selector":"\r\n\t\t\t\t\t\t#wpo-footer,#wpo-footer .widget-title\r\n\t\t\t\t\t"},{"val":"","selector":"#wpo-footer a "},{"val":"","selector":"#wpo-footer a:hover "},{"val":"","selector":"\r\n\t\t\t\t\t\t#wpo-footer .fa, #wpo-footer .icon\r\n\t\t\t\t\t"},{"val":"","selector":"\r\n\t\t\t\t\t\t#wpo-footer .public-icon li a\r\n\t\t\t\t\t"}],"powered":[{"val":"","selector":".wpo-copyright "},{"val":"","selector":".wpo-copyright "},{"val":"","selector":".wpo-copyright .container-inner "},{"val":"","selector":".wpo-copyright"},{"val":"","selector":"\r\n\t\t\t\t\t.wpo-copyright a,#wpo-footer .wpo-copyright a\r\n\t\t\t\t"},{"val":"","selector":"\r\n\t\t\t\t\t.wpo-copyright a:hover,\r\n\t\t\t\t\t#wpo-footer .wpo-copyright a:hover\r\n\t\t\t\t"}],"product":[{"val":"","selector":".price , .price > span "},{"val":"","selector":".price del "},{"val":"","selector":".product-block .name a "},{"val":"","selector":".product-block .name a:hover "},{"val":"","selector":".product-block .btn.btn-outline "},{"val":"","selector":".product-block .btn.btn-outline "},{"val":"","selector":".product-block .btn.btn-outline "},{"val":"","selector":" .product-grid .add-links a, .product-block .button-groups .button , .product-block .button-groups .yith-wcwl-add-to-wishlist a "},{"val":"","selector":".product-grid .add-links a, .product-block .button-groups .button , .product-block .button-groups .yith-wcwl-add-to-wishlist a "},{"val":"","selector":".product-grid .add-links a, .product-block .button-groups .button , .product-block .button-groups .yith-wcwl-add-to-wishlist a "}],"modules":[{"val":"","selector":".wpo-sidebar .widget-title ,#wpo-content aside .widget-title "},{"val":"","selector":".wpo-sidebar .widget-title ,#wpo-content aside .widget-title "}]}